Feature_1,Feature_2,Feature_3,Target
94.87098480028807,88.23932620328019,101.49709263601613,0
97.68448232843753,84.83747405900615,90.89215104241914,0
94.64834297396047,77.46728217167423,87.64610373454438,0
94.63547112527576,85.32773451240723,99.85156774605419,0
104.39701090334074,84.09711615432569,98.21132591288955,0
103.9269330880442,86.88917340386152,86.02916601501927,0
96.06144074284623,86.79410629574001,100.93052036173336,0
90.3931824776804,84.72387093067786,99.86472346569548,0
97.07656753164247,79.61758366743773,85.4913598561213,0
94.16483658579551,82.41605176847358,96.42222064659596,0
96.21315991516731,84.45293816187197,89.10744056509473,0
95.59931721596958,81.1104805332996,99.14667248295902,0
101.47167424379089,93.80496969063253,88.16887083630003,0
105.98595021751446,83.69377332986127,101.2111764721363,0
101.31106312182398,80.08265089845047,99.63311220132981,0
98.18338444774474,81.20656018579562,98.05093984417222,0
101.53242371379545,95.78095560591375,99.98711305999115,0
99.09130430921367,80.97567346049262,93.85139210934261,0
104.67397933195458,80.6597151612067,91.59583881067081,0
99.57497694295903,84.2829227942222,91.59491769163999,0
102.56412761359799,87.1773142194635,107.83098337939214,0
102.5892425622209,78.76700607073623,101.13181341549505,0
89.21616762563131,83.33923365384427,98.70725258599309,0
104.5053157441827,89.73873929738956,95.17581923645994,0
103.66135623532904,80.54376527895585,97.70619587938417,0
96.84437203012287,83.1115263808236,96.16967745784407,0
91.84438761381966,77.34747820034364,97.7186471361554,0
100.17858728639659,81.13596710888812,91.0530208507288,0
95.71287580323825,78.06364874431871,90.96953341282374,0
95.92704349029066,91.3085576068107,92.0761639302436,0
105.41011525028765,86.40345625524776,103.06895356991589,0
98.16777836947116,84.66832110741022,93.44723039809588,0
95.3007192568408,79.33856274326156,99.1510200894816,0
97.0808847527101,76.62125238987883,97.53072731581278,0
83.99990528382851,76.6855610485413,96.15265290144275,0
102.77233222518709,77.96766449023562,94.0108102908733,0
100.9435237052022,87.54811307629878,94.59290095072538,0
102.67360405959101,83.4794793783581,98.8355628363107,0
101.2359879326421,85.55798299570841,90.54881175359749,0
104.84287095413038,93.46613370642694,95.92868215060588,0
96.76022926667788,77.79847969374156,94.88736797381014,0
96.55491079269864,78.30456052549448,93.6927652633118,0
97.25754685593034,82.12114667128107,92.7494265581737,0
95.80154750203037,81.71919731909556,91.26067655581839,0
94.31250578747904,89.07070604956934,95.36225145765596,0
96.7638294319198,81.69859901766782,93.10012249840997,0
94.33639486517599,81.32174149384632,96.29391997696334,0
92.67266679541645,80.95429561244579,92.33488842567195,0
95.28909132755092,83.24349029175778,95.26140565574029,0
98.32178941954228,87.88987453443825,86.98515842338665,0
96.85649421062884,80.17905307850508,89.86912066595242,0
93.53685522526891,80.27336143122879,102.52885088653571,0
92.0869647187748,77.33814206625551,93.88550771927952,0
89.29314958476522,81.7865699609513,98.59562670824778,0
93.97549406988918,86.19986724710311,96.33082979339991,0
101.43161811015366,84.4351334795706,92.9636173434547,0
94.5912533550309,87.89808151599145,95.14377427928385,0
97.41252996607176,79.44075237332216,95.8299538065685,0
99.40681219562484,87.49130925258386,95.50901045026106,0
97.39890032980085,82.39598155275122,92.51749955100222,0
88.6103007721452,88.50273070053107,86.49242191522882,0
97.25009891271398,80.46067656971414,88.63610498365003,0
99.25737345884286,91.08586786661036,96.44792756473718,0
98.24245883308762,74.58068896940192,91.6953624689444,0
92.99964320817429,85.55873502641452,95.87884444681269,0
106.41473244160822,86.24103457466985,92.16061808538313,0
101.49703666484035,82.26784738845235,92.50177216929735,0
98.01736078062237,80.19534499370708,90.32689145926747,0
95.30736793029844,83.06054272487955,93.36743981009563,0
105.20153394336349,81.92772040284027,105.33039766353369,0
92.27271904241408,90.32239833256979,93.51609598532404,0
97.41083031236604,88.43782626684352,90.83552524150477,0
95.8180642800229,83.78827852015964,93.0343583022586,0
98.20709499609485,78.59115058249456,93.6295163415657,0
98.91654196087875,78.21988416252026,96.7623748665376,0
90.29210898472208,89.43611232406893,93.03167265421412,0
100.37489139157798,81.19850672795971,98.01891863915486,0
96.76077756886824,79.94054133381299,87.36503746494357,0
104.53882721013929,81.44189142116889,88.02039765092766,0
101.7178605342123,83.65230564536125,100.89707453539633,0
95.56692567025664,84.68498330289684,88.93826357642693,0
100.46631504470244,80.70004524113978,87.98341364174213,0
101.08968626815786,81.34982922198641,92.04370823844755,0
101.3623295637578,85.31788799526237,91.65495886020202,0
101.72567486452839,81.6329089277489,93.74909429928684,0
98.16343809395622,89.79892662219878,96.49051442639332,0
101.75639736236734,84.54694302136764,91.42552720117706,0
96.27156609196173,84.49414122008253,92.76325048715607,0
103.12426593535714,87.44765626806752,88.49079430689666,0
98.11222113751563,88.08540431446062,91.93994445804722,0
90.41671794628527,88.51266591927624,89.85553712927731,0
97.19356319083101,86.58793663517359,93.21660351528344,0
102.12788327059089,84.29068351285001,95.33574626201836,0
93.35175041789034,88.37685195059761,97.76690116839522,0
103.85798486594305,85.17028727710188,94.62048116117792,0
101.29473573552357,82.67272741677172,103.12827149516465,0
98.39113060893297,76.53596458197441,92.22015909220268,0
95.31577818670075,82.95849634503355,97.41153065193241,0
98.3330623896654,80.9946576106927,92.2950784259613,0
92.13583659007811,83.88591541809006,89.54489846945204,0
95.76520125990336,82.1692602613498,91.81432288374073,0
99.97693084003147,81.83363638698438,89.87767090064538,0
104.34474972313988,83.87473785398556,96.93093369632386,0
98.23279805348037,84.38563472867672,96.02417967684245,0
95.4437805520422,82.53794336865207,94.58767401793126,0
100.160332993369,90.30296038957283,99.9191716233785,0
96.09928100128026,84.25832856004965,87.20952051643435,0
92.72253666993184,90.59064326622087,94.68187606878706,0
102.66738806197733,90.40524677645749,95.72699848115596,0
98.16583036188403,80.17552089720469,89.21172267352405,0
98.8619815735802,76.8970770309234,94.8898699563907,0
95.4857590414422,86.53848088293715,93.40592997714543,0
92.45873586301865,86.77309928361917,87.39374501817001,0
95.71186826067073,82.59383695346173,98.74659243315334,0
97.94120847080794,79.4956017811341,96.15774288386295,0
92.9015400181193,80.37306830707323,96.51837931426083,0
98.76954860052966,84.44586670780573,102.99164452824674,0
97.40651954097814,92.3369854140578,98.60279696506467,0
95.79172403295225,86.78696453073029,97.91400054615171,0
101.56135519332523,82.23154674108821,97.61679864914947,0
105.62578565648509,79.06746560319044,91.02999845386657,0
100.92936653093558,88.43683484092841,93.74897472959441,0
102.01975348930827,90.50297922503428,90.60735515480302,0
92.73007625054403,85.65511347396288,96.85179704762035,0
96.71481480205685,87.68421526291127,97.1942946810665,0
102.88855363560701,82.03597864955596,95.8601785018418,0
95.15261839820462,85.12926409859513,102.55358340469496,0
95.11326872016062,87.91584903617346,92.4478997128266,0
100.98222942661323,81.27930030507802,98.33720964838174,0
97.6582900150062,77.13694254488351,83.47882705484349,0
97.6390518311749,82.07230092938819,97.59471027347054,0
100.9628047688198,71.86778298616684,96.1832074445241,0
96.1286086102814,76.04515600494098,96.82632697359426,0
99.71168537524665,80.56746142569968,88.93488015844432,0
101.00449892811189,82.56364181314721,94.37540054487687,0
104.38865538992235,79.99097538041048,87.71283208597706,0
95.64704750598969,80.14095667633858,100.32822813027985,0
94.45029924521872,87.3108219816074,95.05413874933103,0
94.12952427787266,87.65430641014109,89.76718348604692,0
98.64922359714353,80.7598356349543,94.73392069097693,0
98.14934223520603,77.03882294612244,90.48288695356806,0
93.65829244109848,87.71457899324872,93.86482060985547,0
98.62241909884168,87.38103884789025,95.1648202135224,0
97.02579450776753,84.1815732476186,86.94043520036035,0
99.32767205303183,89.53094367541408,97.27350628800994,0
99.52950029330322,83.59357128020854,88.27732951916761,0
98.89532198614911,79.86121967435406,99.02010883054221,0
100.86616463673747,78.48304199971442,86.42066078107769,0
93.38334076992557,81.91673472227404,92.50825297616795,0
95.51307136425905,82.23943635299628,95.1953150599264,0
88.46636286019636,82.31865298398637,92.16563078106022,0
93.8640612942977,76.24934972072019,100.67608958621754,0
107.3595365133071,76.50191997479484,99.61589736437988,0
99.53992905647036,85.40574577909709,92.18289006522059,0
97.9878450902921,84.66906380744788,93.2669160281532,0
95.70043921674264,76.22619609718903,91.33954786539738,0
93.65498147563974,87.6980118704884,95.05951555118706,0
101.74322575855484,80.88488009310959,96.2661671862181,0
95.29189269633505,75.23284443922587,95.51241852898693,0
94.83232315670868,84.74820666006181,87.79891365289527,0
98.33587043832496,81.06914297724313,89.78017602224637,0
96.93104336613126,74.75287800019399,87.60727583847425,0
91.32027830559812,77.29888970971756,93.69076681557496,0
97.68334200998073,83.77919605957034,95.92730122201402,0
102.29639814872745,86.72788872959028,92.02526608223629,0
93.86921817696067,87.89267606322397,92.98812722359628,0
100.51657688146354,85.66576060191176,99.7400018164227,0
96.78921833168862,82.35307343162843,89.95738319264791,0
92.47861117628631,86.06535948646936,96.04720639852196,0
106.1031208530735,79.57275302886455,96.6249877276675,0
96.33669261909928,77.61980438858988,90.50559761951618,0
98.86874336939965,80.90658408842118,100.27442593371336,0
98.01973843586651,81.41727148246544,100.36301141272266,0
93.0514226016555,85.08599320846187,86.94429857207489,0
94.47730883993385,86.97722675891141,91.66590170215666,0
99.01156652835468,78.94952017797611,99.83926949267351,0
100.92971469788104,78.15789489332002,97.74496376337403,0
103.08907700867762,72.38075370971526,92.18258700316812,0
104.38529927316613,84.97085273847783,97.74153629170125,0
98.55474647180682,81.35529708274677,94.98817301621652,0
103.27560195391912,80.52336097883757,95.02329142995639,0
104.03519842625556,85.86480843354767,94.95296398774265,0
97.33250464928255,77.15212384924139,92.60147725378704,0
105.21403916503407,82.60099520240031,93.55481222556693,0
93.64245630218727,86.956194349977,92.77346388378773,0
96.61997496882543,83.9441861157352,99.00323171776783,0
102.00434946542745,73.67128928643707,89.7657508914403,0
90.13352755840266,86.62233122746206,90.84680738409159,0
101.30374513455432,83.31489917948721,96.25533228714204,0
94.13088710995525,85.19167729629248,95.11451657379031,0
98.52287737845958,74.37528389937407,98.46904195713999,0
97.90719069825396,84.12280009393605,95.4552590979681,0
97.63679503486468,82.9272375924285,91.63852392147079,0
106.22233871637638,89.2011584605405,98.76460270130934,0
98.2330700975727,79.15671795514278,91.26563915851222,0
101.93030300055075,82.09756107631647,96.2691731906215,0
103.75117324237576,84.8892708974465,82.88276243596835,0
96.76123202905214,86.37810275483535,97.36215707479256,0
99.86767871916365,86.68034333278035,88.09596870039861,0
97.19403013409185,82.10823010675723,99.63078442997028,0
93.90135133819629,86.28516723174933,93.81772751932844,0
102.26148236014592,89.95543777210484,95.4228303464225,0
97.83109611107554,86.63231030206565,87.96399500030364,0
99.24178668054456,85.77586793834486,88.82024321669049,0
101.89768537655767,80.20973418000933,88.93205264850397,0
93.08868176867611,85.79944932748555,96.50919976855405,0
97.88641397921269,80.45265762755147,89.67018709532981,0
103.82006782834873,81.10518326864283,86.28030718486221,0
100.72817712574641,76.8049519831489,89.24688749820015,0
94.5160458392997,78.80610999888026,89.34793896012128,0
96.48489006505594,80.63875963099433,93.6104072402704,0
99.05473237465785,82.62117310635475,94.06001440888654,0
96.74000099748821,84.43716845346813,102.65870882121958,0
102.62264325245239,83.65150152115852,98.80754772698374,0
91.1572054681789,87.44405951472739,100.22034544537347,0
103.81270115953845,90.51182059825577,94.56330081589255,0
102.86795077510855,78.13189036560907,97.05434510700152,0
97.00908401647138,89.45167410941659,100.50219454632933,0
97.78928161333782,80.4331855221381,94.02049482019466,0
94.01432213128454,89.38495864554055,91.12565503556367,0
94.97274468729427,83.83597754969266,98.33145549833247,0
103.71426001282566,78.99532942640421,94.31399014556911,0
93.77102006796606,79.8832647174702,95.42965269369907,0
101.9996021039858,85.4349944840778,95.67384249161763,0
98.10568326945146,79.08375436500074,87.4673440321509,0
91.89777432328142,83.45801111400898,91.61276812672111,0
94.94274275884271,85.42916148838886,98.25268940000755,0
99.17574505213845,73.80916974524708,97.97208464540677,0
97.91756442655974,86.60843102532566,88.44797439502896,0
97.76934631564664,91.4417603741356,99.93925213584963,0
101.29433177027133,83.89381616440654,91.48598661897894,0
99.45162406840387,86.27767365973429,94.65525173203814,0
92.85236402929687,85.49282267439045,97.76253972909714,0
100.52699897833315,81.4532832584807,81.43118571387879,0
95.84951799045628,82.5930084272258,90.51548707710725,0
102.85007900098498,83.94145443216401,100.12909524024721,0
92.36868039397517,84.84200666419348,99.21127518849191,0
98.10491311992182,82.24893965592504,95.92083988580559,0
96.85970149470668,79.41969841973744,92.43191867688526,0
105.97865563685855,83.85453812636293,100.0843713052499,0
99.75503871915025,90.32323232154945,96.43139995989675,0
102.95967913886898,79.93117206829874,101.619327927515,0
107.63217617805958,87.93767796944897,95.25916950951782,0
99.49227738406265,81.18985643263478,87.05293170777003,0
94.76580462594303,82.19720316584085,95.05668916448988,0
103.43471809278198,84.97017545575241,94.75459411714233,0
107.88249512792352,80.77493032152411,95.02142737688109,0
101.79283464271657,85.92646797327214,93.83824616057416,0
99.44576091767095,85.96260001640675,88.54335998301234,0
101.28040573135779,82.64047371667586,92.48933587475642,0
96.29832004028474,91.99740645560809,83.45657128221238,0
99.65581259074146,85.92880942103622,92.09345322740825,0
98.14008424084412,88.4919969485322,95.68156213882634,0
103.2962579794223,95.2952888809182,99.05050043142235,0
100.38079671287132,80.55971833227636,91.02103588834652,0
103.40045352324125,83.1885690535646,100.5658282868934,0
101.46584772926458,85.41266306907224,91.73332518620657,0
97.00006744650048,79.45399956489959,100.14199258126857,0
98.19432753756686,78.71375837460491,93.75752622091989,0
100.98246914011679,79.57621305643285,98.20045348733721,0
108.48174524369605,88.52903742986528,88.84514462900628,0
96.66282557506939,82.54280690707282,97.01268819954274,0
108.91807239752374,87.35735725730494,94.33950756320849,0
99.58859702664216,80.68065478168782,96.85321953483054,0
75.20547685667289,84.12047393279428,88.1193658608519,1
79.31702051526007,74.43240028079934,80.84333051915776,1
79.87589424637363,75.25922304708338,95.72344709396896,1
76.86163040578872,76.85526578822383,87.50141487657687,1
91.82850529990858,83.47987489178986,81.2009288083733,1
82.9040815440775,76.04059288651028,93.59175196070373,1
84.90701709747862,75.141523036203,91.17743672521316,1
84.34053009194406,78.18877378952955,84.2576394436827,1
75.78827955514028,71.14517745869622,83.2190927674977,1
81.23376594115823,73.17676665012515,91.4697677466605,1
82.60426544361052,75.14190141760805,84.76519102128849,1
84.12795421944669,77.14648592588169,87.91489440733851,1
74.65705673168277,75.8053149286139,88.13697170892848,1
89.91206461044963,85.27174486974225,85.8137229888343,1
88.43879742943413,81.13140201088387,90.34228523579047,1
81.44444347349959,70.68186476629486,86.73290754832784,1
83.21305335684457,85.16835430965492,90.77112675624487,1
82.79735483782831,78.00605639281544,90.77824446148007,1
77.4905811754886,75.24046383761043,89.26502136175074,1
86.63494463976467,77.56515143654677,88.61243124945061,1
87.1462056985563,78.58271401106009,90.60142985474748,1
85.70831326736511,80.73127631892956,86.24410156542852,1
88.622168144735,77.25649722637391,92.99475020588523,1
81.21241658576079,67.12503356180706,87.76986465204925,1
84.17272365100742,78.55151930301467,87.75126172697875,1
79.97947926619008,76.04120340877951,89.78798775001096,1
92.05222404612846,77.89657940581687,97.70936910465534,1
88.77547794687034,78.71891126641195,98.33397931430767,1
86.78115498375134,77.961863123147,85.7406883955116,1
86.59779486493204,79.95028762295824,86.77519554342176,1
91.57371144283981,75.91984655874823,89.10474211629393,1
86.70682530688278,73.06212740518203,97.05021638837388,1
85.76176207069418,79.58309062808874,94.17721758701555,1
78.92027327050933,71.04466983419307,89.91880305157868,1
83.143925311002,75.34726966195171,87.9255358654834,1
86.21870646959907,74.66362382179298,82.60223717245172,1
88.8805766516982,82.86201702776287,94.5353577890445,1
84.65264920047561,78.4036798664091,83.82021872343942,1
84.97547855141413,77.28315321313566,93.465490345138,1
85.78561837395685,79.22309440460756,86.48694257110205,1
84.28385673749209,80.53968655573865,91.03274402972393,1
85.77011416033125,80.51510899012034,94.66999916297401,1
80.55015431159194,77.76213111180225,89.38441002525697,1
83.50714504355034,74.958780800649,87.96379766640004,1
81.98920964010873,77.76724449998588,88.51184399657481,1
82.2432312816915,83.87590941473651,88.86271516709589,1
80.75909493612401,75.79808400637144,86.80438390198061,1
89.62180782507656,69.149818688155,89.95188992361857,1
81.25254110171255,71.76794628449723,84.98977486348977,1
83.21351920363995,76.75835669587677,90.28602336947563,1
92.1828321330874,76.43689913783747,88.24199314743633,1
89.72418513937576,77.44190596744994,81.44817638409397,1
73.3142764851943,75.657978921936,85.40319528744071,1
92.05590735604112,76.98136550843496,89.04675011982881,1
83.21006828856324,68.70633986749559,91.90468714644788,1
76.9853216827714,76.47535801286821,87.79166061245569,1
79.87157471878078,71.20453076760978,82.44278886712178,1
88.04243414698813,80.93394435773715,93.1437878376055,1
86.41856466449052,80.7934188511791,86.03899292325146,1
90.17552116395525,70.04135039992876,86.43054811491191,1
75.77728875649137,82.45098561029019,79.357694033767,1
79.18293380911526,77.77785804615597,90.02541027778005,1
86.72016838617058,74.7037632559787,90.15374768959893,1
80.41812707856388,84.2684037876785,89.08607712180705,1
85.99733437184729,75.9244824336928,89.46837568470663,1
80.57306212282842,75.27039998030251,90.05152805312888,1
84.75140718745641,78.58002355784811,87.81620534701314,1
80.9190976481437,75.99929049782097,82.2128268032536,1
83.93114104003664,77.07000711415934,95.85785439731963,1
83.02832195273528,71.72907897300371,91.70688355619086,1
83.27248244346774,73.71494267504691,90.19623305619776,1
81.38100454233131,74.68699329742107,101.98591964637495,1
76.78210013681944,80.44863200405509,84.72981641350921,1
87.02388961802026,77.42400014027135,95.48280375638001,1
85.05960130830715,78.48097171105762,90.33960015744876,1
83.5859845546731,73.7848160162516,88.72197029195885,1
90.36465581170954,79.68297214722574,92.41224224516439,1
83.34074594497173,77.9131200144995,88.0311487182678,1
77.03348966884961,71.62321193004274,89.91800691001897,1
86.19365939824216,81.44188409914234,81.72226306594588,1
88.1315226679557,72.88309257188574,88.0894602012434,1
83.5957552180577,81.37630820248653,85.61438848979083,1
83.51099535474624,71.28347128527906,87.480534794159,1
83.25464835314855,79.42543126356297,87.17477760719399,1
84.57720959032346,74.73395458859939,87.72834632252159,1
78.78256747075804,76.98118189157321,85.01913144412568,1
82.3240296329598,81.82020455619897,92.54670937871167,1
86.88435662571737,74.209775195992,92.34553549142889,1
82.66988921863589,69.4504904900837,88.80212807446186,1
87.1550625118235,82.55328417498973,91.62425836931298,1
81.1348520885161,77.71077332382697,91.51401479159995,1
82.27297686042444,74.18475649382809,92.94699064564124,1
82.98875415554228,71.38932384187564,88.45241497563825,1
86.81873879763353,76.6777539374234,90.63657174060417,1
88.74075005607882,69.67908994594389,83.2378903594105,1
85.2061425471844,73.50280801538021,99.03648217760447,1
84.57468201367433,79.04285894103225,89.9155936653286,1
79.87035730653682,77.19646453100009,90.13672960256518,1
85.7076018925072,76.28956412401722,89.64976086909097,1
84.91470875120474,76.26883737342077,95.99243083419789,1
74.75228717057587,73.05200208041495,85.8711548574485,1
81.80096940290994,78.35272521998631,86.49155952904364,1
83.42939528493051,76.9748228254242,87.01964189867644,1
84.58188942022278,75.26435285034357,91.0779044561167,1
78.13909601425085,76.19104321888413,87.95535528932561,1
78.8205958237092,79.2840432772183,87.46784888356514,1
86.94023378155033,77.22674343670464,91.59707286746286,1
90.95317803510437,76.73955826183538,92.0123560424754,1
84.03945431820975,77.05588290393553,85.3649936500035,1
83.88074579293233,76.55866509843446,88.036174654652,1
85.66457566327327,76.45942160023876,87.67386304847378,1
85.94958269661173,77.54945455749551,93.98300347887977,1
92.44438472598621,77.88815960670104,88.12340782258465,1
84.07967184337325,80.42097076982125,81.98120068836941,1
85.93813161274826,72.08100493361655,90.6337617932607,1
78.99584952678043,80.76096746243753,98.22258909774511,1
80.49219381053592,67.33600096446813,93.97083745640518,1
77.49680052418799,81.43488569244242,87.58203778835728,1
85.91528419444037,76.68274762342122,87.17685888047413,1
77.5195955434952,70.50792827642022,90.75374206728065,1
85.88442943252322,70.45527931483903,84.17372215235024,1
85.59331082119435,81.9083888503867,89.91895731385428,1
85.82295950134369,79.48245717298384,87.97539277844864,1
81.6230403025883,77.82173901552859,91.57713981722017,1
87.99665770272118,81.79950993136069,85.36639499460074,1
82.25893013186942,76.2889917691403,90.35674614260235,1
88.00465295653059,77.24496243002807,92.8840767217316,1
80.1995156345714,73.64142819991761,86.8285015302961,1
81.5848232041781,78.72617178039815,94.29980785506149,1
85.62074783424444,71.12256128896387,91.00237372343706,1
86.40682313879745,80.98318774736262,86.31323605310608,1
86.09718704525199,80.47033725224313,90.31028110144375,1
80.99784875818631,71.17770389790695,88.73803826768975,1
84.01847034187553,74.87166523056769,87.50096261366214,1
84.1261332488714,72.32726951548429,87.65489208944518,1
82.12087678694759,72.52092489784768,93.19322653901585,1
81.22751773860146,69.7947289799797,86.94258689696397,1
79.81243466031637,76.45018344944596,83.13550332967078,1
88.74137238767682,72.87180116217093,88.45785227280814,1
80.89057969780032,77.65579187826428,88.81100788523604,1
76.40949575922934,77.43253113258763,90.627086655235,1
82.80831695101055,71.45009028229946,85.84495349628101,1
85.48618447527873,76.97683773276182,94.20746174605843,1
79.92378417512705,79.30607880530768,87.8397330482293,1
80.45345084521232,77.73582075219856,82.97719077940802,1
82.59785907236999,76.69579838539597,89.47486545622861,1
85.21033279639894,65.87894847402778,92.73663366687917,1
81.18189557065,79.32375740689724,89.13763509425408,1
91.47521210971652,71.60480365974372,86.00966357130432,1
88.10340136574223,76.29626659603397,87.69119373724509,1
78.43202824336339,75.72234193760582,88.65227113601608,1
75.94632450483378,75.70667538483136,82.90780799415761,1
86.43538970330265,72.81625624839751,96.68476214614563,1
77.63225507488949,85.89880481317606,91.47446132648072,1
77.81666978823006,68.96476603238864,98.8067560840898,1
81.91751644152566,70.9354923188238,89.67156643967986,1
82.9473455781152,74.8706414088607,89.45149838988398,1
89.24840767697397,82.14675736516145,85.26492783378566,1
83.73392293675018,81.9310593132263,88.28814200214988,1
78.42047178310169,75.13351465812035,84.20028617105886,1
85.41169418995574,72.95907815210029,88.91952850126494,1
82.47992558285203,77.91134326770432,91.46644619763177,1
87.81443245313191,77.58626010498365,84.00377698551823,1
88.30889517072892,72.08805337284677,90.01187712082557,1
83.78407259176655,79.66887953190844,90.58909029172263,1
91.13400202804327,77.2078280054965,91.88099967120313,1
82.83643113748333,76.05905448681003,92.83622122100212,1
79.96536561451694,77.56214748663875,93.72944556005788,1
84.52024039483517,78.89301723529573,84.90967222896359,1
83.82099705592779,83.44908905314287,92.35617997288557,1
84.40588904855626,70.4510202018247,89.28796879148928,1
84.93360411279639,74.24581288825412,91.74012860149712,1
89.60663899695179,81.69526475036929,98.21521872718192,1
85.44595498662721,76.29935349794783,86.6211181585234,1
80.47148006704731,73.4786604914547,89.39190579152682,1
82.3988974301227,75.15287275440669,83.84575056335994,1
86.09109360934755,79.11668155673011,78.71384637667055,1
74.29183474676073,67.29868675629612,87.62115114243434,1
85.66092241865748,76.83858888661054,89.18287487702692,1
84.24383087744303,72.0817070973599,86.47810983610357,1
80.30847440361255,69.92447789521133,87.92984623257357,1
84.41088598385421,73.62852669360274,91.18613043687502,1
76.2474030599805,70.30976851474746,88.82650834897328,1
85.7761549813664,76.8825648236504,86.29808381089663,1
79.48714487342575,72.79893107869685,94.19578374414809,1
89.74069691554271,74.53786643087228,83.214064707613,1
71.71868951997874,70.32967763122747,87.0008959096495,1
84.28369897131067,79.36029168246515,94.41024388357476,1
82.51964277281016,79.9584166958592,81.02948630156853,1
83.30863692226657,78.13836877268352,84.50334542610041,1
85.37446150140651,70.62466492245512,83.52536276216127,1
75.69481600289186,77.69952705556824,91.56516283928234,1
83.54731700159712,81.38186091290359,85.09213696177895,1
79.197458155433,73.75038132436795,95.05806604993076,1
87.32630945926527,74.45968664059113,83.38811681795603,1
89.25697355726975,77.10424999819556,83.03207173470024,1
83.89309058278057,72.72690893237626,90.2679736473218,1
81.94919454973143,70.50148136100456,83.58137616404338,1
92.12494981831036,76.70616244994739,88.1595932102724,1
82.03021962320298,71.01962481469293,93.22029514177339,1
88.77382013677305,75.62701278300726,90.59161688097102,1
79.94538475826974,87.77392435630057,91.86271716845559,1
82.32045936413945,78.75697620993348,88.62936581259557,1
82.32429495060924,78.12373053259718,89.52113541385961,1
82.82872310495844,72.72192031737,88.66958918548866,1
76.34512665552671,73.1353265060952,89.09080526882694,1
85.81599295773665,78.72449862316651,95.24821671189771,1
89.67811999830224,88.10242667466471,92.31862432654479,1
83.4115535582669,77.69487800156087,85.84620454945853,1
85.17763961527724,77.1134248084272,89.29471979034828,1
86.68906677002336,79.5473963223433,84.71432985603602,1
86.8755587368198,75.86673514057487,86.82119419126671,1
87.69053723457804,80.80602147789045,93.50772494661737,1
80.64201305824368,74.3506082413893,89.54659398270793,1
84.4737323665669,72.17881261729023,85.93202601783682,1
84.29331360060868,79.23956323130653,90.37514475518958,1
81.30972355649189,71.8565995513255,90.54924567913208,1
83.62414148935324,75.17719964828704,81.34441194607635,1
87.86220090595337,83.71792686912556,93.24909718166148,1
82.81162939308274,82.47349603865624,83.24735867775821,1
76.4963168083271,78.60424128809271,85.61033841343468,1
79.33930805258589,73.99352735120868,84.19101469318333,1
81.29049189823945,75.36618490611062,86.13030914897853,1
81.08700354997478,78.03911244308908,82.31497044296613,1
88.55782617036508,74.54598656815307,91.68824961109839,1
86.41589277789045,81.65121657747261,92.16121610553799,1
86.4872821223506,76.57985681425883,89.36970761461275,1
80.52232468693255,85.47032923531643,88.62670493626834,1
87.63788889001647,73.59294445082581,85.26487127447464,1
82.67658262314526,75.32683228981763,86.84966384442832,1
92.04363389281349,79.52703053390998,94.57226794903258,1
84.6957390303205,76.69891713948066,85.6852702755649,1
82.2333089563231,77.21848585355093,84.31433629485397,1
81.19500658043377,72.84248436903776,83.27793690985641,1
80.90748594018686,79.99332444101435,92.76416740228056,1
80.6856454524027,70.96697527480588,87.46404589250682,1
81.10720651900502,77.77492430861822,87.55049224741805,1
81.15216112244845,83.88565543775563,85.84869911520921,1
86.4307961255612,74.45171385195366,88.9059241513146,1
80.40556217865547,79.18261836849798,96.29410918372027,1
86.35033031933048,79.24784975392136,88.53348618123647,1
79.72505465722367,70.77331692531337,91.74703521231015,1
91.41165825151558,69.7458655710491,81.9330535777508,1
81.99344593654496,76.8900041607671,83.17782043027867,1
75.63570475496373,72.49794457750711,90.75821817409,1
87.38333586484632,78.82793788083409,84.53087359894009,1
88.64067121086012,75.20338041496387,86.92173826974829,1
87.24500597115379,76.58509572271545,94.52014205568028,1
74.94064582823445,71.86860653878472,82.35998221326606,1
81.45987435304193,77.67172853795736,91.34110714411983,1
91.27036294311846,74.29112416640079,82.3920535048916,1
87.56709635037107,77.31416806556656,82.9460420751921,1
93.37511793037707,75.1382210066429,94.2819881698881,1
85.49271017137562,74.26108922175406,87.28353201310976,1
88.48313354169709,80.34323595458008,88.68051537420183,1
87.56097636375864,72.56009738377682,91.09133042909339,1
79.32541239030411,79.94859881002054,82.83572158960644,1
75.58660661553282,82.48103068623598,93.54720041805369,1
81.90166536353144,82.01220727951285,96.47981694150903,1
89.7375112564535,80.36759924073317,98.681365675783,1
78.91710961564416,80.96824107926203,85.92921627687402,1
83.36630440162257,81.87846174164629,85.08851434867758,1
101.1187562155772,75.63080324103434,81.46291094996471,2
103.14695220783358,78.24707395292705,71.5813927574084,2
101.28953455787844,67.81778087873612,79.94381989021956,2
92.96328879073165,70.17937914085435,69.42904845793676,2
102.17982398098371,76.5896460894781,73.22257708962621,2
101.40720373175733,78.45745892233386,75.62129641222758,2
98.86281099025538,73.58551408350847,74.90086074585295,2
101.12685165261483,77.31435743040015,72.27402528990187,2
101.85177717697918,72.43453466903891,68.99936498027117,2
94.52846851940423,74.4766665116864,81.43443695377412,2
96.73949335557712,73.43795648719096,76.8502810977402,2
99.05805219065181,71.0293302190641,68.45228499700843,2
104.94842012543157,82.51524099633914,80.32727245844852,2
100.08980157043405,73.0946681719174,78.87710187102114,2
102.45300245129854,75.83575185326032,85.77203547603496,2
93.7640571235344,79.60165780502861,78.023749102442,2
101.58912490929664,80.3351257832534,74.90051116159455,2
97.277690374481,70.92673404139359,70.32408066556444,2
97.14206895433209,74.24269643383359,78.2228847216597,2
103.0424322090981,80.99923634028417,75.4886146091147,2
106.22322635087642,74.99918807457526,79.02459674342919,2
100.6209589261789,80.41065605938451,73.73671081270261,2
103.14989369681871,78.03886144797784,71.97126827562715,2
102.97565046409332,77.15054575530725,77.93760730676777,2
98.54464637799288,74.17680140277324,83.2755361966051,2
100.4338307688098,77.92612011942433,74.86033232602327,2
105.51941678523453,72.06641753947844,79.70922896616801,2
94.73297590277909,72.3259576689549,77.27887634351762,2
98.99075992808396,72.08672749458228,85.6457085105228,2
102.1444274990399,85.87313284767282,81.67013740176718,2
96.64221488034548,71.53011150750518,82.18378851011694,2
104.1827030148272,80.18475468802389,75.85488936238633,2
97.36272224608713,76.67520338029952,73.97598437108994,2
94.52394477295232,81.37557095952774,70.22128103171593,2
97.41779823787573,74.73958199572841,76.33429683611494,2
108.02119216876805,81.72421704554536,76.31173112689281,2
101.56158620536111,79.42300542248455,68.45118509189227,2
100.79961318409325,82.81328664367705,79.97519861222523,2
101.51220539263957,74.06665422292421,79.36055158370895,2
94.35077189302173,78.39101275920746,82.17548703240264,2
99.31630380499983,74.06515830308052,77.91208318566991,2
99.86103406700987,73.25435311417772,69.95195913813596,2
101.89309781632976,80.98932361313072,79.92637248052776,2
105.66175917777392,73.73661781505082,77.08686265667522,2
96.13991298870356,77.08768858875398,79.87909617653693,2
92.94385543269937,78.97145831685965,80.63717233228263,2
98.50735426457632,71.0012600919602,80.91045597370228,2
104.56605405036586,65.53672565636268,72.49955756460727,2
94.76646736315482,73.69131931280423,68.55312512446146,2
100.59101888247605,82.76809188504986,84.02295411233194,2
102.35764043019311,74.22377948113886,81.23600991970609,2
94.90039432875582,67.35077539589514,78.92742233677153,2
99.28653630215646,71.64952222292314,84.19731065134617,2
91.22233594547257,77.39927745957027,83.08890136132064,2
98.88261184207401,76.77182428612277,84.15966395237255,2
95.65681314159887,72.00474870042315,78.12400977618154,2
101.85351878793583,77.92653181524233,76.92237849143758,2
103.52111735581195,71.80762319453514,76.25650971884379,2
98.31047471506301,77.34939741884926,79.09290701903421,2
96.8583218616521,71.15222613030231,79.79642070520784,2
107.25398137696848,73.14025029559953,79.37325793003106,2
102.91105234661012,76.50070205845446,82.02182475804725,2
101.15949341635407,79.88163692744051,81.5943265989167,2
102.56951341140196,70.05652278379995,80.7416483592609,2
95.5353924093273,73.71509655411433,81.22837000003688,2
103.41590939768876,69.98074643350766,75.07620307284944,2
106.16593798095283,68.99012441162394,72.48999362301755,2
103.15621183829349,79.1210966756305,76.32603432845993,2
101.42388162841104,75.6331788790434,74.23740853263004,2
93.50337888156841,79.89034847977716,74.67769330031183,2
104.15534914085504,74.91760291898298,77.0883953636526,2
104.62279181283633,77.25693000216847,68.22268191636911,2
100.37051660716891,74.35089016754601,75.37521784913415,2
98.74021831910414,72.50704572799492,80.02407551004146,2
98.51741476114276,72.30208731645564,79.63266761085842,2
96.82568755447868,74.75521143684871,71.17812080776855,2
100.2770648303769,75.9311678699095,69.74242111721539,2
100.32099282695297,75.80953330426843,81.29142980668966,2
97.9100859332497,75.9911835159772,76.14341071042128,2
107.53855706539967,76.71220018395513,85.5144404156404,2
93.30220704671973,73.14633249301986,78.8351522625161,2
101.1487595251876,82.69455197659899,75.13917052556222,2
98.99662270793418,81.4421836321109,83.14491091361305,2
102.68432894657586,67.38134776197641,78.83742340052119,2
103.49771259992725,74.60495978016064,81.37142252071162,2
96.45069742405326,69.90625679664147,76.31962377814354,2
96.08898507669159,76.783635979278,78.0006043034576,2
101.41113686330752,74.54575950890847,79.24581945223868,2
95.69666925459154,81.7914435558861,79.60466781315006,2
100.29395728309015,72.78781076034683,73.26712584179965,2
97.05206322305506,79.25362884598205,69.06178392041173,2
94.4849982877503,82.8358208484252,83.74284863238383,2
95.77990711280285,73.88529038715548,75.17088962966248,2
97.51143746870629,75.62477174511828,90.18366474664592,2
93.49357378749878,71.91304089131809,79.74853080706673,2
101.74078031919046,78.36943388966161,77.05441391683516,2
102.71417351911595,83.45003150815593,76.05276028160199,2
100.43865595204583,74.45137272921207,72.4426535902984,2
99.3947116704197,68.04855383859551,76.52057460870604,2
89.5638932528266,70.20543695154254,79.79962408935408,2
91.48637271641579,79.56045344300783,82.51963389368835,2
104.6121910122131,81.0514169032168,75.16722603392395,2
99.04892000895192,68.10988262815819,78.42950777896839,2
102.4142925055877,77.9366722779548,78.7819671926528,2
96.09978219058264,78.94456604447578,71.24996029339958,2
102.37312734326916,76.25270933874243,72.04456859554966,2
100.04525341781526,79.65308730326842,78.27459020274102,2
101.09638333380343,77.12171522107828,81.47721702240962,2
92.58176064549293,75.5416043269113,80.23911656314336,2
99.6495268879531,75.39003726706115,83.60085185696849,2
88.44093301248843,72.45496240573051,67.08959989997834,2
100.46974824696872,72.21188264973487,77.5583638288309,2
91.67904863648987,75.08227536437747,75.39710831350851,2
96.88752212766185,78.18455989444749,76.47157564294017,2
93.40879849239376,66.49417664448634,82.65561053176724,2
96.56713609948436,76.53232781105102,78.69249124975164,2
93.12163781902609,73.58490557255108,75.20982627612152,2
96.44291322344739,78.52678407172209,78.85017904931665,2
103.14333023197807,75.39005443976045,73.79319682913409,2
95.69682738470631,77.4390555452193,74.71718285901582,2
96.5142351695691,80.79623809672931,79.89656492996568,2
97.8119577674339,69.5916723213272,76.87278905355406,2
95.56440583794665,84.07903887095037,73.7234468047794,2
101.37980755775276,71.97074845088636,74.53924776976721,2
100.24402930958564,68.19285328231703,78.64681729995057,2
101.04404110222526,70.52738477620068,72.84626315928372,2
108.83431030856653,79.83627434264426,72.99439596066391,2
100.06671964381172,81.77331935129872,77.61358995340596,2
98.66911538792492,73.66792682731297,74.31294505556554,2
103.77994955591743,80.3631997640756,79.26715500387839,2
97.82508471744046,73.28903104271757,74.76522435935043,2
93.35351371939531,70.48716408403182,82.13436261251488,2
99.95241247035628,76.6528309128667,73.52028259423629,2
97.37097490775943,70.68084268140295,78.07129535483475,2
94.89369279598617,72.17385051918585,76.04967229360956,2
97.16251819647881,76.96713681139612,77.27618662469655,2
98.80118489552457,80.08858671176368,79.86925518498312,2
100.69748137732843,80.9474845811181,72.08453929741745,2
103.13931656427359,78.56715240169774,73.05171462539315,2
98.86224696282142,72.72749363842603,82.27720428016795,2
109.01408055424673,70.01615352657056,77.14132332852294,2
104.8311311281319,72.10264334544661,74.95319310054428,2
101.43712956296139,76.21031730089007,73.66276802800492,2
100.15744243875997,74.05398660789245,75.12995556561941,2
98.06107690855144,80.36106255415471,71.70261448163427,2
104.66236332265906,72.34904112229275,85.2126212317058,2
101.60848540105108,69.15574546756571,69.39432955962978,2
101.06070925764536,72.15251563839486,80.06170405746352,2
101.40176253888555,74.80375566259303,70.9663925927312,2
96.65020436578818,71.35527405237441,82.81823730073167,2
94.46266296549616,70.93339319024943,82.25582061000728,2
111.95277993954794,78.46100941447881,77.66343090189208,2
103.74188502874124,76.40819047378605,80.22929774328092,2
107.37577571370535,78.01335350501772,80.11331579329652,2
98.82808967930772,71.07204197203673,73.43675792846359,2
94.01050010908999,72.84015095709623,73.37525578544572,2
96.16896236850475,72.19434496213891,79.49386158759444,2
100.95431766192561,77.34834151497994,74.20541161960334,2
93.07952355126505,78.48426455185655,72.57740480832034,2
100.2043723658394,81.18795480951741,77.0421097422812,2
93.42455810141689,77.29365119328247,81.96377083094302,2
97.32442774149754,79.22259735407633,73.3113607965494,2
102.75474133749628,73.40118387205852,78.87538857226492,2
100.1658023124455,73.01756149606605,81.52466535398415,2
93.63406389093461,75.45308747532428,73.21174403367243,2
94.12071224224907,81.21465238637724,77.47445657478964,2
97.45924611353777,75.24095807866809,80.47379469306821,2
100.14643715035129,77.25463035567233,81.65530766190315,2
91.02089660667897,74.58684382253566,76.50753080367086,2
96.63254957497566,79.62223370603651,74.80682223687398,2
99.13781085842898,80.29093928015295,75.72164870063305,2
102.18634220404739,75.87744423884915,81.39971103987016,2
97.80486665168662,75.79956227357103,84.35725534324986,2
109.97367923281655,74.4886614874579,78.43567199132437,2
97.02685399567622,69.51246013395848,76.12337641294793,2
96.53967570505407,73.82160573038307,77.89736806123112,2
96.99311179314294,76.1311152509162,77.00066361414876,2
105.26573225533093,75.05763276294077,77.12478317682985,2
99.63599974678492,76.61610722001828,70.62609316454505,2
95.57871927522936,78.68660117058768,73.22547151916756,2
95.1183103847706,76.6104728916015,78.97812523390003,2
97.3081333757498,75.68955493901822,72.10893078303795,2
104.74874108557265,67.7697663187613,72.5868930455373,2
101.96037846672583,73.4528125893486,69.1425775604188,2
100.12955982087212,76.37040585692425,74.98176703677869,2
101.47606972871262,78.85546914301017,80.96978680231739,2
101.9646223961637,77.58221929374942,85.88354256303207,2
104.22929468654453,69.36903584820531,77.3497523939043,2
109.47041424242302,77.55894318960881,77.75479811842784,2
100.87058094497749,73.68962802970033,75.72750450450499,2
104.59195186364795,79.28814353075957,68.48339222332838,2
94.4668546372461,85.02035028557215,76.1118688500275,2
94.77895138888908,68.0156176552325,72.16694522174092,2
103.97953520368766,70.62730919062555,73.49579360240926,2
99.94708099158774,73.75818465742809,77.57177405168545,2
98.66587285993948,78.86301550073934,69.59861507726812,2
100.64305837670624,73.03292696393295,75.81054043765802,2
108.55922259215528,74.84162148347383,83.02563715441033,2
99.99871231939959,78.79290951435797,77.83338182732392,2
90.10688243275312,74.11077992691003,75.55863464268019,2
97.40258469896794,76.40798873405868,76.20034649800242,2
102.03436497799608,78.40475166183398,76.45161895985784,2
99.47051108764946,81.7822518588516,72.65180618474763,2
91.98409537791932,71.9607292746654,72.58592427168216,2
101.78403247493607,75.41556110930256,76.34114179959238,2
101.51674872635462,71.18935894249803,76.84323072838798,2
94.42239580014714,75.53178640329388,84.78560951209916,2
89.2178150858174,77.6851608275091,79.44115717632673,2
102.10123140009178,79.89404435104997,73.38247137885526,2
91.01696922744028,74.78013447664922,79.17135465189855,2
101.7711646934847,72.10281277283326,79.91144759806717,2
95.40982625872309,76.0674798327365,79.00738646315487,2
105.05889812724716,72.74708515689292,75.76190169428985,2
97.01707274032353,75.0983166758501,72.85035109046156,2
97.73075762184287,72.4455942718672,78.92877458753631,2
103.17765893808374,78.81923712935783,75.34037995485716,2
101.50909188183547,74.15599827712974,73.17564400634645,2
97.78949371542487,76.4190971563257,73.66274651737031,2
102.26480398018748,78.90230857259901,73.60853821580847,2
95.47516023862433,68.34767271863446,78.93277950852706,2
100.30190130153623,79.59303515305535,79.88749205363179,2
102.6018967501193,70.94708972564696,74.72549793723294,2
106.19348282756698,82.96211457318505,68.86048070150272,2
95.70524613577506,79.70817831370407,73.0835974998441,2
106.16002563312169,67.20251423354128,74.66940626365655,2
90.50921739205701,76.30155023854117,74.87668961514065,2
93.86740283038074,68.80116103229287,82.20977927175525,2
96.29966637802178,71.72031026788376,75.99225871862821,2
101.95934550662761,74.49983419711849,78.64313245591902,2
103.4792776388076,77.64256061352935,74.94827679977423,2
100.71076439094631,75.49999797639923,78.31584686493129,2
105.26017112186305,76.75601423085298,71.762805556444,2
99.64171996990773,69.87989383527686,83.42990310584153,2
98.72519751684025,80.34271218253731,75.97888803875173,2
93.77301285452087,73.40200818207813,76.55881849454231,2
94.58460818976239,71.36761284027953,71.98459277638577,2
102.62852161328075,76.60581685656994,74.51184176660871,2
92.22941053586983,64.95115945792067,76.98131017026196,2
98.62883472047972,80.06260437762346,72.16766412673402,2
90.24881173252345,75.29799876163817,74.75006664824912,2
95.47461364094926,78.92745304111988,78.05378691590236,2
100.04222020425192,84.77006530318576,76.00158339218106,2
98.3261504243855,68.11930966559571,77.13638661342928,2
98.56838783420972,79.67074997022321,76.21714314955821,2
92.79680913249068,78.04155815905784,81.35418917344244,2
101.56725833904486,76.00436756421001,76.99411074388031,2
103.12478284390049,76.22726749289276,83.66750317630068,2
101.86275193792578,63.79449108915096,73.96092511079239,2
102.13975187973931,70.94369945344475,67.59705776581592,2
96.65553998222461,74.59592447074942,71.84861196780047,2
98.08612369070038,71.54529155630023,78.71619856802931,2
99.58751853845646,70.24860281843839,79.55418019753546,2
98.39553223601835,68.48037977763678,77.69459341883423,2
88.05011728615621,69.71221834757606,74.3819275963903,2
100.90991669512634,72.44499561522917,72.67627526791804,2
101.88105018291687,76.54184119774385,83.22794084786509,2
98.64188989155724,79.35105535721223,77.01779991992025,2
99.07359025178471,74.45396727692616,76.20668016446841,2
96.48596556810813,83.94256951756144,74.96653275431387,2
96.44829746766254,78.10242022178316,73.07138290098379,2
102.86775301842931,75.56817048468429,83.78621777713771,2
100.17071123082974,80.42598465737625,68.83948838561965,2
98.48623257066916,81.36406109525223,70.64904894028238,2
97.82331653105395,74.98138906329794,77.37789196181257,2
106.10405347052338,72.53073015572932,82.40544396135316,2
100.35901316080744,71.54371055443684,75.10689865906991,2
100.57634261032787,71.03041646640416,73.0085935898925,2
97.47289955212726,75.04191917666536,78.76544420202062,2
103.34906751447615,77.07944792129062,76.36037818850289,2
95.89315048521244,67.74622869418697,82.9329558210978,2
95.98161835421654,80.34312675771096,80.38478275010871,2
102.46929704851291,69.0654278704245,77.44041234216313,2
93.36576313407183,77.22564225986223,79.96982132672687,2
104.53168225019857,79.55736740948915,82.96272477966923,2
